Word,Frequency
,889266
血压,6117
患者,5108
可以,4664
高血压,4510
治疗,3785
救治,3619
癫痫,3579
饮食,2878
检查,2702
药物,2598
糖尿病,2396
需要,2373
什么,2308
情况,2277
病毒,2223
建议,2177
医院,1935
如果,1893
怎么,1677
医生,1598
食物,1556
症状,1485
控制,1439
不要,1381
正常,1366
留意,1360
功能,1336
一定,1258
根据,1201
疾病,1153
病情,1151
及时,1151
平时,1145
但是,1085
生活,1083
出现,1081
保持,1071
现在,1059
注意,1047
口服,1038
仔细,1021
肝炎,1010
比较,1005
血糖,998
一下,954
可能,953
一般,938
实施,927
严重,915
传染,914
同时,911
身体,907
这样,898
主要,878
许多,853
所以,846
的话,845
防止,840
抗体,832
健康,825
对症,813
候,802
应当,802
时候,797
疫苗,781
致使,763
期望,752
除了,734
这个,733
能够,715
还是,702
就是,691
方法,688
清淡,686
自身,683
始终,667
一直,661
不是,655
时间,651
问题,631
如何,626
刺激,624
孩子,619
已经,615
最近,613
因为,609
病人,600
得了,590
感染,587
而且,575
目前,571
积极,565
才能,563
自己,557
日常,552
康复,551
降压药,547
效果,538
阳性,525
一些,523
诊断,520
或者,517
通过,515
要是,514
以免,511
免疫,509
我们,508
朋友,495
恰当,489
水果,487
看重,483
发觉,472
非常,472
蛋白,468
酒精,464
干扰,463
工作,462
护理,462
活动,458
原因,458
神经,457
进行,455
定期,453
消化,453
结果,452
慢性,448
以及,448
彻底,447
哪些,445
长期,442
感觉,442
影响,442
对于,438
辛辣,438
异常,433
由于,432
协助,427
蔬菜,424
心情,424
携带,423
特别,419
谢谢,418
遗传,414
发生,410
恢复,407
不定,404
正规,404
获得,400
良好,399
决定,395
适当,395
肝脏,390
油腻,385
叙述,383
增强,382
知晓,374
方面,373
脂肪,369
血管,368
散播,367
容易,364
麻醉,361
上述,359
必要,355
感冒,354
作用,351
经常,345
期间,345
硬化,345
下降,344
考虑,342
预防,341
只要,330
表面,327
表现,327
不可,327
答案,323
拥有,323
增加,323
规律,322
比如,317
稳定,317
营养,317
发作,314
危害,314
胃炎,307
并且,302
那么,302
尽快,299
头晕,299
并发,298
啤酒,298
重要,295
中药,294
只有,291
有点,289
使用,288
手术,288
临床,283
专业,282
东西,281
睡眠,281
怀孕,280
没有,279
意见,279
认为,278
知道,278
并发症,277
疗效,274
转氨酶,273
基础,272
配合,270
指导,270
采用,269
调整,268
降低,268
首先,267
其他,266
状况,266
咨询,266
互相,265
细胞,264
习惯,262
歇息,262
之后,260
尽量,258
今年,254
减低,252
突然,252
有效,251
综合,251
不必,250
然后,250
具体,249
理解,249
血液,249
出来,248
精神,248
以上,245
确诊,244
状态,239
明确,237
抗原,236
针对,236
关系,233
愉快,233
一样,229
宝宝,228
运动,228
证明,228
下来,224
对半,221
恶心,220
理应,219
怎样,215
有时,212
深度,211
中医,210
阴性,209
化验,208
因此,208
检验,207
产生,206
高血压病,206
重新,206
操劳,203
忧心,203
早期,202
不适,199
明显,199
以后,199
过度,197
这些,196
心理,195
应该,195
老公,192
引起,192
方才,191
情绪,191
伤害,191
一旦,191
方案,187
舒服,187
不良,184
不一,184
休息,183
开始,182
避免,181
具有,181
体重,181
抵抗,179
以前,179
有关,179
病因,178
必须,176
拷贝,176
数据,176
加班,175
坚持,175
疼痛,174
肚子,173
卫生,173
导致,172
范围,171
纤维,171
此外,169
个人,168
担心,166
细菌,166
复诊,165
抗衡,165
水平,165
晚饭,165
调养,163
今天,162
运用,162
办法,161
否则,160
紧张,158
另外,158
马上,157
推测,157
炎症,157
医治,157
出血,156
具备,156
参考,153
是非,153
代谢,151
几率,151
急性,150
小时,150
接种,149
多少,148
可是,148
有的,147
调节,145
身心,145
定量,144
内科,144
方式,143
副作用,143
心脏,143
完全,142
大脑,141
其实,141
锻炼,140
帮助,139
不易,139
进一步,139
新鲜,139
体质,138
按时,136
入侵,135
动用,134
结婚,133
压力,132
核心,130
系统,129
增进,128
早日,125
之前,125
程度,124
老年,124
爷爷,124
一点儿,122
确保,121
有些,121
只是,121
头痛,120
晚上,120
措施,119
食欲,119
配置,118
确认,118
信心,118
多数,117
空腹,117
大多,116
大多数,116
脉冲,116
摄取,116
充足,115
含量,115
途径,115
报告,114
为什么,114
测定,113
盲目,113
避忌,112
肝癌,112
后来,112
葡萄,112
人体,112
当地,110
任何,110
怎么样,110
不足,109
采取,109
关键,109
乐观,109
引致,109
反复,108
关于,108
危险,108
不过,107
调理,107
吸收,107
分解,105
现象,105
早上,105
他们,104
西药,104
父亲,103
剂量,103
截断,103
只好,103
昨天,103
部分,102
都会,102
原则,102
作息,102
病魔,101
外伤,101
在理,101
白质,100
溃疡,100
脑神经,100
下药,100
变动,99
大家,99
蛋白质,99
动脉,99
中用,97
根治,96
眼睛,96
经过,95
立即,95
食品,95
食用,95
按照,94
效用,94
严格,94
障碍,94
分泌,93
激动,93
扩张,93
提示,93
压制,93
住院,93
难过,92
幽门,92
本身,91
大便,91
平常,91
遗传性,91
结合,90
目的,90
平稳,90
术治,90
一天,90
直接,90
合适,89
年龄,89
战胜,89
专心,89
发现,88
降生,88
意识,88
孕妇,88
儿童,87
杆菌,87
类型,87
观察,86
排泄,85
大量,83
解决,83
厉害,83
实行,83
自动,83
大夫,82
偏方,82
要不,82
能力,81
尤其,81
达到,80
黄疸,80
剧烈,80
舒畅,80
四肢,80
指标,80
左右,80
标准,79
机体,79
咖啡,79
别是,78
清除,78
寒冷,77
口臭,77
老婆,77
水肿,77
熬夜,76
高压,76
冷食,76
叔叔,76
常规,75
高兴,75
母亲,75
奶奶,75
速度,75
医嘱,75
基本,74
了解,74
皮肤,74
肾脏,74
有利,74
自动免疫,74
往往,73
专家,73
包括,72
发烧,72
老人,72
体现,72
体育,72
甜食,72
内分泌,71
女性,71
上升,71
毫米,70
同事,70
病毒性肝炎,69
葡萄糖,69
请问,69
暂时,69
恶化,68
家族,68
清楚,68
虽然,68
无偿,68
传播,67
肥胖,67
热量,67
哪里,66
亲戚,66
便秘,65
好象,65
及早,65
立刻,65
排除,65
区别,65
甚至,65
孕期,65
胆固醇,64
好处,64
利于,64
年纪,64
守护,64
损伤,64
不宜,63
过程,63
好不,63
相对,63
丰富,62
过敏,62
均衡,62
密切,62
年轻,62
去年,62
腹水,61
改善,61
频繁,61
小儿,61
正确,61
种类,61
常人,60
从而,60
动物,60
儿子,60
化身,60
疲劳,60
适合,60
随意,60
外活,60
喂养,60
紊乱,60
详细,60
抑止,60
保护,59
抽搐,59
梗塞,59
其中,59
气管,59
通常,59
喜欢,59
医师,59
逐渐,59
病症,58
动力,58
器官,58
生气,58
数值,58
质疑,58
部位,57
吃水,56
额外,56
风险,56
规范,56
牛奶,56
特效,56
头疼,56
无法,56
无力,56
性病,56
修补,56
婴儿,56
当时,55
闹肚子,55
关节,54
呕吐,54
讨厌,54
相信,54
不错,53
出外,53
大概,53
复查,53
改变,53
浑身,53
西医,53
一同,53
意外,53
准备,53
组织,53
第一,52
发病,52
解释,52
理想,52
胎儿,52
选择,52
制品,52
次数,51
的确,51
轻微,51
通风,51
胃溃疡,51
在家,51
这么,51
支气管,51
制剂,51
保健,50
不振,50
谷草,50
活跃,50
颈椎,50
里面,50
午觉,50
相关,50
消瘦,50
循环,50
口腔,49
特殊,49
心病,49
震荡,49
大发,48
单纯,48
动脉硬化,48
甲状腺,48
颗粒,48
哪个,48
为了,48
先天,48
小便,48
信念,48
以下,48
自行,48
安全,47
毒药,47
改进,47
绝对,47
麻烦,47
偶尔,47
特征,47
须要,47
终身,47
最后,47
大小,46
构成,46
呼吸,46
毛病,46
评价,46
权威,46
融合,46
生命,46
剔除,46
有救,46
本人,45
别人,45
查明,45
单位,45
冠心病,45
广告,45
环境,45
静脉,45
科学,45
舒张,45
数量,45
天性,45
消除,45
样子,45
支气管炎,45
出生,44
从小,44
当然,44
培训,44
妊娠,44
小心,44
放心,43
好多,43
结石,43
苹果,43
上班,43
食盐,43
曾经,43
主食,43
成分,42
典型,42
发育,42
继续,42
禁止,42
全面,42
条件,42
抑制,42
超过,41
反映,41
防治,41
困难,41
利尿剂,41
其次,41
芹菜,41
染病,41
手脚,41
停止,41
眼底,41
饮料,41
反应,40
费用,40
看见,40
慢性病,40
内脏,40
脾胃,40
少量,40
医疗,40
肿瘤,40
病变,39
传染病,39
担忧,39
地方,39
法治,39
共振,39
局部,39
快乐,39
囊肿,39
寿命,39
所有,39
体检,39
约莫,39
到底,38
淀粉,38
肝胆,38
好些,38
那些,38
女儿,38
起来,38
事情,38
受孕,38
随便,38
晚期,38
心血,38
断然,37
回去,37
摩尔,37
贫血,37
唾液,37
下去,37
整个,37
正在,37
不管,36
辅助,36
根本,36
加重,36
萝卜,36
模糊,36
擅长,36
舌头,36
施诊,36
不断,35
短暂,35
阶段,35
每年,35
门诊,35
跑步,35
膳食,35
上下,35
十分,35
衰弱,35
天天,35
以为,35
月份,35
针灸,35
整治,35
肠炎,34
常会,34
代表,34
放电,34
减少,34
上面,34
神经系统,34
肾上腺,34
痛风,34
外科,34
项目,34
要紧,34
愉悦,34
在乎,34
不及,33
持续,33
姐姐,33
那个,33
男性,33
其它,33
星期,33
学校,33
玉米,33
鼻涕,32
病理,32
不合,32
常情,32
当中,32
高热,32
敏感,32
平衡,32
确实,32
人群,32
烧心,32
时会,32
睡觉,32
损害,32
香蕉,32
优质,32
智力,32
不见,31
不要紧,31
肌肉,31
禁忌,31
特点,31
物质,31
中毒,31
本来,30
过去,30
后果,30
后遗症,30
忌嘴,30
难受,30
三七,30
试验,30
心慌,30
新生,30
一起,30
月经,30
指数,30
周围,30
装载,30
综合防治,30
不仅,29
不久,29
常常,29
蛋白尿,29
方便,29
结核,29
进去,29
离子,29
丧失,29
胃口,29
以来,29
注射,29
足够,29
氨基,28
帮忙,28
不容,28
粗粮,28
胆汁,28
事项,28
心肌,28
羊角,28
医学,28
早晨,28
肢体,28
复方,27
复杂,27
刚刚,27
饥饿,27
基因,27
进步,27
拉肚子,27
你们,27
年来,27
如下,27
稍微,27
神经衰弱,27
同学,27
消食,27
虚弱,27
以致,27
油脂,27
变更,26
变异,26
不消,26
弟弟,26
概率,26
更加,26
过来,26
过量,26
后期,26
讲述,26
看病,26
连续,26
难以,26
人生,26
上去,26
生长,26
视力,26
适度,26
体液,26
心里,26
一连,26
一连串,26
踪影,26
超越,25
吃饭,25
单体,25
饭局,25
公公,25
功效,25
过手,25
合格,25
会通,25
基本上,25
假如,25
皮质,25
全部,25
人家,25
仍然,25
衰竭,25
痛苦,25
血栓,25
血小板,25
依据,25
至于,25
质量,25
不时,24
成药,24
出院,24
大伯,24
等同,24
技术,24
接触,24
劳逸结合,24
脸色,24
疗程,24
青菜,24
人参,24
身边,24
松懈,24
天气,24
推拿,24
一切,24
再造,24
中成药,24
终生,24
综合症,24
走路,24
胆囊,23
蛋黄,23
豆腐,23
发病率,23
反抗,23
服用,23
管理,23
化脓,23
见于,23
菊花,23
螺旋,23
若是,23
山楂,23
烧伤,23
身上,23
失神,23
头颅,23
狭窄,23
血清,23
咽喉,23
照料,23
直到,23
植物,23
资料,23
不然,22
不行,22
餐具,22
查看,22
对方,22
枸杞,22
家庭,22
讲解,22
经传,22
举办,22
扩展,22
千万,22
轻重,22
散步,22
实际,22
试看,22
消失,22
这里,22
辨证,21
差不多,21
处理,21
电解,21
电解质,21
反而,21
机会,21
价格,21
减退,21
舅舅,21
溜冰,21
那里,21
妻子,21
抢救,21
伤口,21
失去,21
同房,21
西红柿,21
下午,21
心电图,21
验证,21
以便,21
饮水,21
中风,21
着凉,21
自从,21
保证,20
伯伯,20
产后,20
车祸,20
犯病,20
个体,20
加强,20
平和,20
缺少,20
时不时,20
讨教,20
网膜,20
羊羔,20
诱因,20
准确,20
白细胞,19
办理,19
超等,19
低下,19
夫妻,19
甘油,19
供应,19
骨折,19
核桃,19
喉咙,19
即使,19
间接,19
结构,19
韭菜,19
莲子,19
临产,19
麦片,19
没关系,19
尿毒症,19
浓度,19
频率,19
软化,19
生存,19
什么的,19
实质,19
视网膜,19
素来,19
提供,19
提早,19
体力,19
羊角风,19
遗留,19
有益,19
于是,19
预后,19
在在,19
整体,19
制订,19
转移,19
转移酶,19
变性,18
病程,18
不利,18
参加,18
大约,18
蜂王,18
服务,18
赶紧,18
感性,18
哥哥,18
公有,18
花茶,18
化合,18
化合物,18
记忆,18
减轻,18
竟然,18
辣椒,18
理气,18
力气,18
那样,18
南瓜,18
能量,18
黏膜,18
女方,18
前天,18
亲密,18
人们,18
肾炎,18
生发,18
适应,18
所谓,18
碳水化合物,18
痛感,18
土豆,18
王浆,18
心跳,18
药性,18
隐痛,18
脏器,18
遵从,18
标志,17
参照,17
摧毁,17
打击,17
代偿,17
定性,17
多方,17
海鲜,17
好心,17
好在,17
呼吸道,17
间断,17
交流,17
焦虑,17
开水,17
空气,17
来头,17
联盟,17
零食,17
麻木,17
没治,17
面色,17
脾气,17
葡萄干,17
缺乏,17
肾囊,17
生就,17
实验,17
手段,17
体温,17
往复,17
西瓜,17
下肢,17
先是,17
显示,17
行径,17
胰腺,17
原来,17
丈夫,17
中间,17
中西,17
自觉,17
自然,17
阿胶,16
嗳气,16
毕竟,16
辨证论治,16
补充,16
不了,16
常年,16
成人,16
初步,16
传统,16
大学,16
单独,16
地黄,16
肚脐,16
分别,16
分类,16
浮肿,16
红蛋,16
即便,16
间隔,16
痉挛,16
练习,16
平缓,16
普通,16
取得,16
全程,16
少数,16
肾病综合症,16
生病,16
生育,16
食量,16
衰老,16
是的,16
推荐,16
外婆,16
无论,16
胸口,16
血红,16
燕麦,16
依赖,16
幼儿,16
主张,16
子宫,16
阿姨,15
白内障,15
白天,15
避孕,15
察看,15
产妇,15
成年,15
存在,15
弹性,15
低热,15
低压,15
饭量,15
肺炎,15
干涉,15
高中,15
观点,15
畸形,15
几乎,15
经济,15
酒令,15
利用,15
满月,15
妹妹,15
内障,15
奶粉,15
配搭,15
平日,15
山药,15
失调,15
时期,15
素食,15
它们,15
糖化,15
通畅,15
外公,15
外面,15
无意,15
哮喘,15
行为,15
血红蛋白,15
洋葱,15
依稀,15
仪器,15
有心,15
早饭,15
镇静,15
中枢,15
重型,15
阿司匹林,14
病例,14
病原,14
病灶,14
波动,14
处方,14
大型,14
电脑,14
防御,14
风寒,14
父母,14
高低,14
高度,14
隔绝,14
工厂,14
关节炎,14
管用,14
何不,14
嫁接,14
恐怕,14
矿物,14
邻居,14
六味地黄丸,14
尿布,14
其余,14
气短,14
上来,14
少年,14
生物,14
声音,14
石榴,14
时常,14
柿子,14
素质,14
随时,14
胎盘,14
体育运动,14
为止,14
无效,14
无须,14
西洋,14
西洋参,14
相当,14
消退,14
心服,14
兴奋,14
穴位,14
血性,14
牙龈,14
药方,14
药品,14
液体,14
诊治,14
值得,14
中断,14
诸多,14
着急,14
阻拦,14
菠菜,13
不安,13
不用,13
不在,13
差异,13
倡导,13
成功,13
初期,13
丹参,13
叮嘱,13
动态,13
改正,13
瓜子,13
规定,13
果糖,13
红薯,13
后天,13
胡萝卜,13
黄瓜,13
活质,13
记得,13
加油,13
简单,13
僵硬,13
绞痛,13
解毒,13
经营,13
精液,13
居家,13
觉得,13
口水,13
苦瓜,13
老人家,13
灵芝,13
流感,13
秘方,13
目标,13
起居,13
确定,13
人身,13
十二指肠,13
输液,13
他人,13
桃胶,13
物理,13
希望,13
消耗,13
信赖,13
性交,13
学生,13
血压计,13
颜色,13
夜间,13
一阵,13
转化,13
嘴唇,13
作为,13
产品,12
呈现,12
错误,12
耽搁,12
电话,12
豆浆,12
发脾气,12
发展,12
分析,12
梗阻,12
鼓励,12
海带,12
红糖,12
幻觉,12
回来,12
回音,12
获知,12
基于,12
加号,12
讲究,12
仅仅,12
进而,12
科室,12
劳动,12
老师,12
联合,12
绿豆,12
米饭,12
密度,12
男方,12
巧克力,12
肉食,12
入院,12
神经细胞,12
生根,12
适宜,12
适应症,12
栓塞,12
私自,12
稀饭,12
消化系统,12
小腹,12
小米,12
衣服,12
以外,12
意义,12
诱发,12
早起,12
蜘蛛,12
至今,12
至少,12
中年,12
中午,12
中心,12
安神,11
补品,11
不成,11
不论,11
草药,11
测验,11
持平,11
从来,11
答话,11
单一,11
点头,11
冬天,11
堵塞,11
烦躁,11
飞机,11
茯苓,11
附近,11
感谢,11
高就,11
公务,11
公务员,11
购买,11
姑妈,11
合理,11
后面,11
忽然,11
缓慢,11
火龙,11
记忆力,11
坚果,11
究竟,11
居然,11
恐怖,11
流行,11
蘑菇,11
难度,11
扭转,11
平等,11
前期,11
潜伏,11
潜伏期,11
瞧见,11
缺点,11
确切,11
染色,11
染色体,11
忍耐,11
上上,11
舌苔,11
社会,11
神志,11
生性,11
施放,11
时刻,11
说明,11
私立,11
缩短,11
同步,11
同一,11
同治,11
顽固,11
胃癌,11
温泉,11
乌鸡白凤丸,11
无意识,11
下饭,11
相互,11
相应,11
性行,11
虚汗,11
牙齿,11
眼花,11
移植,11
阴道,11
隐隐,11
鱼肝油,11
在于,11
征兆,11
自主,11
白酒,10
半辈子,10
孢子,10
辈子,10
比例,10
菠萝,10
不平,10
产科,10
沉积,10
成天,10
大关,10
到家,10
定影,10
冬瓜,10
动情,10
对比,10
多寡,10
发炎,10
肥大,10
枸橼,10
咕噜,10
关紧,10
好说,10
喉炎,10
黄色,10
机制,10
价值,10
将来,10
结节,10
谨慎,10
经期,10
惊吓,10
苦恼,10
灵魂,10
馒头,10
糜烂,10
米面,10
男人,10
囊虫,10
脑膜,10
脑膜炎,10
年年,10
疲倦,10
破裂,10
如此,10
蠕动,10
杀菌,10
时机,10
适量,10
适用,10
手指,10
听见,10
同样,10
完成,10
碗筷,10
先进,10
想必,10
心得,10
心疼,10
行业,10
形式,10
性别,10
休克,10
牙关,10
要好,10
预示,10
增生,10
阵子,10
重点,10
子女,10
足以,10
嘴巴,10
爱人,9
按摩,9
白果,9
败血病,9
半夜,9
饱和,9
保守,9
崩裂,9
病菌,9
不得,9
不幸,9
颤动,9
肠梗阻,9
虫草,9
出去,9
动作,9
豆腐干,9
杜绝,9
对应,9
防疫,9
幅度,9
干燥,9
高峰,9
高烧,9
好转,9
和平,9
红细胞,9
后方,9
胡椒,9
化学,9
集中,9
加工,9
见效,9
角度,9
接着,9
结肠,9
戒备,9
经血,9
经验,9
看待,9
看中,9
恐惧,9
荔枝,9
流行性感冒,9
毛巾,9
弥漫,9
民间,9
明白,9
明子,9
目眩,9
判断,9
旁边,9
迫使,9
普遍,9
气虚,9
前年,9
前身,9
强度,9
强迫,9
强制,9
荞麦,9
青年,9
人为,9
人员,9
人中,9
容许,9
乳汁,9
嗓子,9
瘙痒,9
上午,9
上学,9
慎重,9
生姜,9
生理,9
食管,9
事件,9
双方,9
似的,9
太极拳,9
糖浆,9
体格,9
替代,9
天下,9
瞳孔,9
外在,9
完了,9
万千,9
威胁,9
媳妇,9
系列,9
下班,9
夏天,9
显著,9
小学,9
心绞痛,9
心口,9
新陈代谢,9
夜里,9
异味,9
有得,9
愿意,9
芝麻,9
中草药,9
中枢神经,9
重复,9
逐步,9
属于,9
祝福,9
紫癜,9
自我,9
自主神经,9
百合,8
保养,8
变化,8
冰凉,8
饼干,8
补养,8
不但,8
不对,8
不如,8
长短,8
传达,8
痤疮,8
打零,8
大姨,8
单单,8
胆碱,8
点滴,8
定当,8
对生,8
对眼,8
对照,8
发言,8
饭时,8
方向,8
分裂,8
妇科,8
富贵,8
腹膜,8
腹膜炎,8
甘草,8
肝火,8
个子,8
各个,8
共同,8
古怪,8
果实,8
过后,8
过年,8
好过,8
好事,8
黑豆,8
红茶,8
忽略,8
护士,8
回答,8
激光,8
急剧,8
寄生,8
寄生虫,8
加入,8
间歇,8
接吻,8
解救,8
借助,8
经典,8
酒量,8
舅妈,8
均匀,8
可口,8
克拉,8
扩散,8
老家,8
冷水,8
理性,8
力求,8
联系,8
淋巴,8
灵活,8
零工,8
猕猴,8
猕猴桃,8
面积,8
面食,8
内外,8
脑子,8
年时,8
排骨,8
螃蟹,8
疲乏,8
嘌呤,8
强直,8
亲属,8
痊愈,8
人和,8
人民,8
日子,8
纱布,8
擅自,8
伤心,8
摄食,8
失眠,8
事实,8
死亡,8
苏打,8
算是,8
提高,8
天上,8
天生,8
微小,8
先兆,8
限制,8
心室,8
驯化,8
一一,8
抑郁,8
益处,8
银杏,8
引导,8
硬度,8
用力,8
有方,8
幼儿园,8
晕厥,8
直径,8
直觉,8
中止,8
重大,8
重申,8
周期,8
转变,8
总之,8
卒中,8
钡餐,7
冰糖,7
病根,7
伯父,7
不够,7
不和,7
部门,7
产前,7
成熟,7
充分,7
出售,7
喘息,7
打通,7
大喜,7
大致,7
党参,7
到处,7
等级,7
点发,7
电子,7
冬季,7
动量,7
多么,7
恶性,7
而已,7
繁复,7
反射,7
返回,7
放屁,7
肺结核,7
干净,7
干吗,7
胳膊,7
隔壁,7
给予,7
公平,7
攻击,7
管事,7
广泛,7
国药,7
果汁,7
过分,7
毫升,7
好生,7
合乎,7
和头,7
后代,7
后生,7
花生米,7
昏迷,7
急症,7
家小,7
家属,7
歼灭,7
讲求,7
接受,7
结缔组织,7
结束,7
紧要,7
经受,7
就近,7
口味,7
来得,7
劳累,7
累积,7
理疗,7
理论,7
临界,7
磷脂,7
留心,7
麻疹,7
名称,7
明了,7
明天,7
末期,7
内容,7
难道,7
脑袋,7
年初,7
皮下注射,7
气体,7
前提,7
强大,7
轻易,7
清晨,7
婶婶,7
失禁,7
十二指肠溃疡,7
时日,7
食道,7
手法,7
数字,7
顺便,7
说明书,7
饲养,7
酸菜,7
岁数,7
通道,7
痛恶,7
外地,7
外界,7
微血管,7
胃脘,7
胃下垂,7
无关,7
系数,7
下面,7
香菜,7
欣慰,7
信息,7
形成,7
血浆,7
演变,7
腰椎,7
药酒,7
医药,7
疑虑,7
议决,7
因而,7
阴影,7
饮食疗法,7
应付,7
有机,7
远程,7
遭遇,7
展现,7
正气,7
侄子,7
植物油,7
指甲,7
中途,7
周围神经,7
足见,7
白癜风,6
板栗,6
保险,6
鲍鱼,6
吡啶,6
便便,6
病容,6
病原体,6
病院,6
脖子,6
伯母,6
补课,6
不符,6
参与,6
测试,6
插手,6
初中,6
除非,6
传播途径,6
粗细,6
大麦,6
单子,6
当做,6
到头,6
定位,6
动不动,6
动物油,6
对象,6
多情,6
多糖,6
发火,6
烦恼,6
方剂,6
分散,6
符合,6
腐乳,6
概念,6
刚好,6
工地,6
公斤,6
姑姑,6
固定,6
关心,6
规范化,6
汗液,6
好感,6
红烧,6
花费,6
缓和,6
黄连,6
黄芪,6
汇集,6
昏厥,6
迹象,6
极地,6
计划,6
记录,6
季节,6
既然,6
加以,6
甲状腺肿,6
她们,6
进展,6
禁忌症,6
酒保,6
酒会,6
看望,6
拉稀,6
冷敷,6
理发,6
龙眼,6
绿茶,6
麻将,6
美好,6
美容,6
母体,6
脑炎,6
农村,6
糯米,6
排斥,6
烹调,6
皮层,6
品种,6
歧视,6
气味,6
强调,6
茄子,6
亲爱,6
侵害,6
青紫,6
清洁,6
秋天,6
祛除,6
去世,6
然而,6
热病,6
人才,6
日后,6
溶胶,6
溶液,6
如今,6
乳酸菌,6
神经病,6
生意,6
生殖,6
失业,6
时运,6
市场,6
事后,6
水分,6
顺利,6
酸痛,6
随后,6
探望,6
糖果,6
烫伤,6
桃仁,6
体会,6
体力劳动,6
统治,6
外甥,6
望楼,6
为人,6
位子,6
污染,6
无任,6
五味,6
五味子,6
下身,6
下生,6
下体,6
消渴,6
蟹黄,6
辛苦,6
性质,6
咽炎,6
眼皮,6
眼前,6
养神,6
氧化,6
要么,6
也许,6
一时,6
银耳,6
予以,6
鱼肉,6
鱼腥草,6
玉米面,6
预兆,6
原理,6
月子,6
再说,6
在下,6
真是,6
甄别,6
枕头,6
直肠,6
周身,6
自卑,6
阻塞,6
组合,6
安静,5
按期,5
白眼,5
摆脱,5
搬运,5
宝贝,5
鼻子,5
必需,5
便服,5
便了,5
髌骨,5
菠萝蜜,5
补药,5
不等,5
不止,5
步行,5
草莓,5
茶叶,5
成绩,5
乘号,5
痴呆,5
创建,5
创伤,5
摧残,5
打搅,5
大肠,5
大会,5
大意,5
大油,5
胆管,5
电波,5
定义,5
动手,5
毒物,5
独到,5
断后,5
儿茶,5
反感,5
反胃,5
方药,5
负担,5
附件,5
腹腔,5
甘蔗,5
柑橘,5
感情,5
刚才,5
肛门,5
高龄,5
糕点,5
工业,5
供给,5
姑父,5
罐头,5
光滑,5
桂圆,5
国家,5
过激,5
过剩,5
毫克,5
合口,5
和乐,5
坏处,5
回复,5
浑浊,5
极度,5
见解,5
渐进,5
交感神经,5
交通,5
节奏,5
结膜,5
姐夫,5
芥末,5
紧急,5
经痛,5
静脉注射,5
橘子,5
亢进,5
口气,5
葵花,5
垃圾,5
来源,5
姥姥,5
肋骨,5
冷饮,5
理学,5
力度,5
了了,5
了手,5
流水,5
楼梯,5
没药,5
梅毒,5
闷气,5
米粉,5
米汤,5
面包,5
面条,5
脑溢血,5
能为,5
尼古丁,5
年级,5
柠檬,5
努力,5
陪客,5
疲惫,5
偏瘫,5
平静,5
平均,5
企业,5
前面,5
荨麻,5
荨麻疹,5
亲人,5
情景,5
区分,5
去就,5
群体,5
人类,5
人日,5
人士,5
溶解,5
入学,5
嫂子,5
砂仁,5
山芋,5
上呼吸道,5
舍弃,5
神经痛,5
生冷,5
失常,5
时而,5
实在,5
食油,5
世界,5
收藏,5
手掌,5
水患,5
水浴,5
思想,5
嘶哑,5
太太,5
态度,5
蹄子,5
天麻,5
天然,5
同类,5
头发,5
推广,5
玩具,5
危急,5
为何,5
温和,5
稳固,5
物种,5
下头,5
鲜血,5
现代,5
现实,5
现眼,5
相处,5
香烟,5
享受,5
向上,5
小产,5
心肌梗塞,5
行车,5
选择性,5
眩晕,5
学时,5
血水,5
血象,5
血缘,5
压服,5
压痛,5
眼泪,5
眼球,5
验方,5
一共,5
一向,5
医务,5
依然,5
异样,5
意志,5
引用,5
荧光,5
用人,5
忧虑,5
油性,5
游荡,5
有的是,5
有如,5
有限,5
有意,5
预防接种,5
原本,5
杂粮,5
咱们,5
脏腑,5
早点,5
造影,5
扎手,5
丈人,5
找寻,5
真正,5
证据,5
证实,5
政策,5
直系亲属,5
指南,5
重视,5
主动,5
注册,5
转诊,5
着眼,5
着重,5
姿势,5
自行车,5
阻力,5
爱好,4
安稳,4
巴比妥,4
白开水,4
白食,4
白水,4
白银,4
百叶,4
半价,4
半生,4
傍晚,4
暴发,4
被告,4
本草,4
本地,4
比方,4
毕业,4
便宜,4
表达,4
憋气,4
冰冷,4
病历,4
补益,4
不便,4
不依,4
不只,4
差别,4
差距,4
柴胡,4
称谓,4
成规,4
承担,4
程序,4
吃香,4
冲剂,4
川贝,4
穿刺,4
粗糙,4
搭配,4
打点,4
打破,4
大面,4
大叔,4
大腿,4
大爷,4
单数,4
蛋白酶,4
当天,4
道理,4
得到,4
得宜,4
地理,4
地区,4
地下,4
电视,4
电压,4
调味,4
定量分析,4
动静,4
独特,4
独自,4
堆积,4
多发病,4
耳鸣,4
发动,4
发身,4
方子,4
放射,4
分娩,4
蜂窝,4
妇幼,4
负荷,4
附属,4
羔羊,4
高能,4
鸽子,4
格外,4
膈肌,4
共处,4
共存,4
谷物,4
桂花,4
合并,4
合用,4
何在,4
和平共处,4
红豆,4
红花,4
后进,4
花粉,4
化工,4
黄鳝,4
回绝,4
婚姻,4
伙伴,4
藿香,4
机构,4
级别,4
急救,4
疾患,4
家务,4
交叉,4
交错,4
结扎,4
解答,4
解放,4
解放军,4
尽管,4
近来,4
近因,4
进食,4
经由,4
静止,4
就医,4
局限,4
抗药性,4
烤鸭,4
快要,4
筷子,4
况且,4
困惑,4
来年,4
兰花,4
老板,4
老化,4
老丈,4
冷汗,4
力量,4
历史,4
两边,4
颅内压,4
罗汉,4
罗汉果,4
麻油,4
买卖,4
漫长,4
蔓延,4
门静脉,4
梦话,4
蜜蜂,4
明明,4
魔芋,4
谋求,4
木耳,4
奶茶,4
耐心,4
难免,4
脑电波,4
闹腾,4
尿道,4
牛皮,4
牛皮癣,4
牌子,4
碰杯,4
皮疹,4
平分,4
葡萄酒,4
起床,4
起头,4
前列,4
潜在,4
青春,4
青春期,4
轻信,4
清晰,4
求告,4
求救,4
区域,4
曲线,4
人工,4
人民币,4
人事,4
认真,4
乳头,4
软食,4
桑葚,4
山羊,4
商场,4
上呼吸道感染,4
上空,4
上口,4
上体,4
涉及,4
身材,4
生还,4
生日,4
施用,4
石斛,4
实践,4
市面,4
视频,4
受凉,4
受伤,4
顺序,4
死亡率,4
似乎,4
酸软,4
随身,4
太阳,4
瘫痪,4
探测,4
糖苷,4
糖衣,4
特色,4
特异,4
体验,4
天才,4
跳舞,4
通则,4
同意,4
统一,4
头等,4
突出,4
图片,4
土方,4
蜕变,4
外患,4
万一,4
旺盛,4
微生物,4
位置,4
味道,4
无限,4
物品,4
物体,4
夏季,4
咸菜,4
现状,4
限量,4
乡下,4
香甜,4
小毛,4
小腿,4
些个,4
协同,4
幸福,4
学会,4
循序,4
眼下,4
演化,4
阳平,4
药剂,4
要求,4
要人,4
叶片,4
一致,4
医科,4
以至,4
异性,4
翼翼,4
应用,4
樱花,4
用具,4
用品,4
有理,4
右边,4
语言,4
浴盆,4
愈合,4
原先,4
缘故,4
约束,4
允许,4
再不,4
在心,4
增高,4
照临,4
蔗糖,4
针剂,4
针头,4
榛子,4
阵痛,4
争执,4
支架,4
芝麻油,4
栀子,4
侄女,4
直肠癌,4
职业,4
指点,4
制度,4
中和,4
嘱咐,4
专门,4
灼热,4
子时,4
奏效,4
作对,4
作业,4
坐月子,4
巴结,3
拔牙,3
白菜,3
白茅,3
白面,3
败火,3
拜托,3
半天,3
包裹,3
包子,3
保和丸,3
保育,3
保育员,3
保障,3
暴躁,3
悲伤,3
背景,3
本原,3
崩溃,3
逼视,3
必然,3
边缘,3
扁豆,3
病房,3
病家,3
薄弱,3
不单,3
不光,3
不经意,3
部队,3
材料,3
苍白,3
查对,3
差错,3
常识,3
潮红,3
成本,3
成长,3
成数,3
成为,3
成型,3
城市,3
吃食,3
迟滞,3
出差,3
出车,3
出口,3
处于,3
穿山甲,3
创面,3
醇和,3
次要,3
打药,3
大半,3
大出血,3
大街,3
大姐,3
大脑皮层,3
大限,3
带领,3
蛋糕,3
当心,3
导体,3
到达,3
得当,3
的当,3
滴答,3
抵达,3
抵挡,3
地瓜,3
递增,3
电信,3
奠定,3
调经,3
调治,3
顶叶,3
定额,3
定数,3
动力学,3
抖动,3
断断,3
断断续续,3
堆叠,3
对待,3
多时,3
多事,3
而后,3
耳朵,3
发霉,3
发物,3
番茄,3
翻白眼,3
凡是,3
方程,3
房间,3
放学,3
分开,3
疯子,3
蜂蜡,3
妇女,3
干结,3
感觉神经,3
高粱,3
疙瘩,3
公共,3
公正,3
姑娘,3
骨粉,3
故意,3
关怀,3
龟头,3
国产,3
国际,3
国是,3
果真,3
过硬,3
孩儿,3
好看,3
黑鱼,3
黑枣,3
厚朴,3
呼吸系统,3
花菜,3
坏疽,3
还原,3
黄豆,3
恍惚,3
汇总,3
毁灭,3
激励,3
急促,3
急躁,3
计量,3
忌口,3
继而,3
加剧,3
间或,3
将近,3
僵蚕,3
角膜,3
饺子,3
缴纳,3
酵母,3
接点,3
结核病,3
结膜炎,3
进攻,3
经理,3
经络,3
经脉,3
经意,3
惊慌,3
惊厥,3
睛和,3
精神病,3
警觉,3
静脉曲张,3
静养,3
酒饭,3
救护,3
局限性,3
巨大,3
聚合,3
聚会,3
卷心菜,3
觉察,3
卡介苗,3
开朗,3
康健,3
苛刻,3
空心,3
空心菜,3
恐慌,3
口罩,3
蜡黄,3
来生,3
浪费,3
老爷,3
礼拜,3
力学,3
痢疾,3
恋爱,3
淋巴结,3
流量,3
流血,3
路上,3
迷糊,3
泌尿系统,3
末梢,3
哪儿,3
男生,3
男子,3
难产,3
脑积水,3
逆转,3
年底,3
念头,3
女人,3
女生,3
偶然,3
排卵期,3
泡菜,3
泡沫,3
培育,3
盆腔,3
偏食,3
胼胝,3
胼胝体,3
漂亮,3
普洱茶,3
起火,3
气喘,3
恰恰,3
前列腺,3
前往,3
前兆,3
钱财,3
潜血,3
憔悴,3
切除,3
切忌,3
亲吻,3
清查,3
清醒,3
秋季,3
驱除,3
热乎,3
热能,3
人口,3
忍受,3
任务,3
容量,3
柔软,3
乳腺,3
软膏,3
啥子,3
上头,3
上夜,3
上肢,3
申请,3
神魂,3
神异,3
婶子,3
生机,3
生药,3
生殖器,3
甥女,3
十一,3
时宜,3
时针,3
食性,3
食指,3
事业,3
试剂,3
首要,3
瘦弱,3
束手,3
水泵,3
水解,3
吮吸,3
说不上,3
说话,3
搜寻,3
宿舍,3
孙女,3
孙子,3
汤剂,3
桃子,3
特定,3
体形,3
体型,3
天地,3
天公,3
通报,3
通经,3
通人,3
同情,3
同性,3
偷偷,3
突变,3
吐露,3
推迟,3
推断,3
脱脂,3
歪斜,3
外甥女,3
丸剂,3
为难,3
萎靡,3
委实,3
味精,3
胃液,3
温度,3
无常,3
五谷,3
物产,3
物理疗法,3
洗手,3
虾子,3
下手,3
先决,3
现下,3
限度,3
相反,3
消防,3
逍遥,3
小肠,3
小豆,3
小孩儿,3
小脑,3
小朋友,3
效率,3
协和,3
心烦,3
心怀,3
心胸,3
新型,3
信号,3
腥膻,3
刑事,3
行头,3
形态,3
性格,3
性能,3
休养,3
修复,3
学习,3
血色,3
血渍,3
牙膏,3
严峻,3
严密,3
眼神,3
阳痿,3
养护,3
药材,3
要目,3
要强,3
夜班,3
一生,3
医理,3
姨夫,3
移动,3
椅子,3
议和,3
因子,3
用心,3
优势,3
优先,3
忧郁,3
有着,3
淤积,3
余年,3
与其,3
羽毛,3
羽毛球,3
郁闷,3
预产期,3
原型,3
远视,3
约会,3
月中,3
岳母,3
早产,3
早年,3
枣子,3
眨眼,3
照看,3
知觉,3
知情,3
治本,3
治标,3
痔疮,3
终止,3
衷心,3
重重,3
著名,3
抓紧,3
着呢,3
子痫,3
紫菜,3
自发,3
自家,3
嘴角,3
最初,3
作者,3
做事,3
安康,2
安排,2
昂贵,2
白肉,2
白术,2
白糖,2
颁布,2
板油,2
办公,2
办公室,2
绊脚石,2
爆裂,2
备取,2
背心,2
被子,2
本相,2
崩症,2
鼻炎,2
比喻,2
闭塞,2
扁桃,2
扁桃体,2
便利,2
便血,2
便于,2
变形,2
表示,2
冰淇淋,2
病态,2
病状,2
博大,2
不敏,2
不怕,2
不爽,2
不怎么样,2
不至于,2
彩色,2
测量,2
查办,2
查验,2
查证,2
茶饭,2
诧异,2
产道,2
产物,2
阐述,2
长久,2
长寿,2
沉沉,2
陈皮,2
陈述,2
吃醋,2
吃紧,2
吃苦,2
吃力,2
迟钝,2
充血,2
出神,2
出使,2
除根,2
除外,2
触电,2
穿孔,2
春季,2
纯正,2
葱花,2
粗大,2
促进,2
催眠,2
脆性,2
错觉,2
打滚,2
打针,2
大葱,2
大豆,2
大好,2
大建,2
大年,2
大人,2
大学生,2
淡水,2
淡水鱼,2
当场,2
当面,2
当年,2
当先,2
导管,2
倒班,2
倒手,2
得空,2
得人,2
得时,2
得以,2
等待,2
低落,2
低头,2
涤荡,2
抵押,2
抵押品,2
电器,2
掉头,2
定都,2
定型,2
毒害,2
读书,2
度数,2
短波,2
断奶,2
对本,2
对门,2
对面,2
对消,2
恶性循环,2
耳针,2
发愁,2
发出,2
发达,2
发还,2
发狂,2
发愣,2
发面,2
发胖,2
发热,2
发引,2
法律,2
法器,2
繁殖,2
反对,2
范畴,2
方正,2
防护,2
房事,2
非特,2
肥皂,2
肺癌,2
费劲,2
分辨,2
分担,2
分清,2
分忧,2
粉条,2
愤恨,2
夫妇,2
腐蚀,2
复制,2
副食,2
腹泻,2
干什么,2
肝气,2
赶快,2
感官,2
感受,2
橄榄,2
橄榄油,2
高空,2
高空作业,2
高粱米,2
高频,2
高强,2
高下,2
高原,2
膏药,2
告发,2
割除,2
个别,2
个性,2
给以,2
根源,2
公开,2
公室,2
功率,2
巩膜,2
估量,2
古老,2
谷子,2
挂号,2
关联,2
关头,2
冠状动脉,2
罐子,2
广场,2
广义,2
规划,2
规则,2
闺女,2
柜台,2
国医,2
果酱,2
果胶,2
过活,2
过门,2
过目,2
过头,2
过重,2
哈密瓜,2
海军,2
海滩,2
好人,2
好容易,2
呵呵,2
合法,2
和缓,2
和解,2
和易,2
黑头,2
红蜘蛛,2
喉头,2
后半夜,2
后备,2
后患,2
后脑,2
后身,2
后台,2
后头,2
后影,2
胡乱,2
葫芦,2
琥珀,2
花椰菜,2
化外,2
化纤,2
环节,2
黄斑,2
黄热病,2
磺胺,2
灰暗,2
回回,2
回落,2
会儿,2
会水,2
会同,2
会议,2
昏沉,2
荤菜,2
活泛,2
活络,2
火锅,2
火气,2
机电,2
机能,2
机器,2
积累,2
激烈,2
即将,2
即时,2
急性病,2
急需,2
棘手,2
忌讳,2
继父,2
加点,2
家常,2
家口,2
价钱,2
间量,2
间作,2
监督,2
健身房,2
健忘,2
渐渐,2
降温,2
交代,2
脚趾,2
节操,2
节律,2
结局,2
结论,2
今后,2
金针,2
进化,2
精力,2
精确,2
精深,2
精细,2
精心,2
精子,2
警告,2
久而久之,2
臼齿,2
救应,2
就此,2
就让,2
居民,2
橘红,2
咀嚼,2
聚餐,2
觉醒,2
开胃,2
康乐,2
考试,2
渴求,2
客人,2
肯定,2
空白,2
口碑,2
口角,2
苦参,2
夸大,2
块儿,2
宽裕,2
溃烂,2
昆虫,2
来回,2
来人,2
来意,2
来由,2
劳动强度,2
老话,2
老奶奶,2
老实,2
老太太,2
老爷爷,2
乐和,2
乐意,2
类别,2
离职,2
里弄,2
理化,2
理由,2
理智,2
力争,2
链条,2
凉水,2
了局,2
料及,2
临时,2
凌晨,2
领导,2
流产,2
流动,2
流脑,2
流食,2
流通,2
流质,2
硫化,2
榴莲,2
六一,2
陆军,2
陆续,2
旅行,2
卵磷脂,2
麻痹,2
蚂蚁,2
梦境,2
迷走神经,2
密集,2
密接,2
蜜饯,2
棉花,2
免不得,2
面粉,2
面前,2
面容,2
面神经,2
名词,2
名学,2
明处,2
命名,2
摩托,2
摩托车,2
抹杀,2
墨绿,2
木香,2
拿手,2
哪样,2
纳闷儿,2
耐用,2
能动,2
能干,2
年间,2
年下,2
尿崩症,2
凝望,2
呕血,2
泡子,2
陪伴,2
配方,2
膨胀,2
霹雳,2
脾脏,2
癖好,2
偏向,2
频道,2
乒乓,2
平滑,2
平滑肌,2
平一,2
破坏,2
启动,2
起见,2
起色,2
起事,2
起先,2
起因,2
气愤,2
气急,2
气恼,2
气性,2
荠菜,2
器具,2
器械,2
千卡,2
迁延,2
前后,2
前妻,2
潜行,2
强压,2
强壮,2
侵犯,2
青光眼,2
倾向,2
清理,2
情形,2
情状,2
丘脑,2
秋水,2
趋势,2
渠道,2
燃烧,2
热乎乎,2
热闹,2
人流,2
人命,2
人情,2
人中穴,2
日食,2
如上,2
乳腺癌,2
入睡,2
软和,2
三焦,2
扫描,2
杀伤,2
沙发,2
赏赐,2
上边,2
上策,2
上当,2
上火,2
上级,2
上限,2
上心,2
少时,2
少许,2
设备,2
麝香,2
身子,2
深山,2
神经中枢,2
肾盂,2
生变,2
生产,2
生息,2
生养,2
生疑,2
生硬,2
省得,2
盛行,2
尸体,2
师傅,2
师资,2
石头,2
时疫,2
实力,2
实战,2
食谱,2
食堂,2
食糖,2
食物中毒,2
世代,2
侍候,2
适时,2
嗜好,2
收成,2
收益,2
手帕,2
手续,2
手足,2
受骗,2
舒坦,2
衰退,2
水仙,2
水银,2
顺畅,2
顺心,2
说白,2
说和,2
私人,2
思虑,2
思维,2
四则,2
搜集,2
随地,2
损失,2
踏实,2
谈论,2
谈判,2
汤匙,2
汤药,2
套子,2
特地,2
提取,2
体操,2
体积,2
体制,2
天空,2
天头,2
甜品,2
甜水,2
填写,2
跳绳,2
停食,2
通路,2
同居,2
童生,2
痛觉,2
痛快,2
透明,2
透视,2
图表,2
吐沫,2
腿肚子,2
腿脚,2
退热,2
拖延,2
脱氧,2
妥当,2
外表,2
外部,2
外来,2
豌豆,2
顽症,2
网球,2
为首,2
围棋,2
维他命,2
维修,2
畏惧,2
莴苣,2
乌梅,2
无非,2
无花果,2
无理,2
无能,2
午饭,2
午睡,2
物理化学,2
误差,2
奚落,2
息肉,2
膝盖骨,2
细胞核,2
细胞膜,2
细节,2
下酒,2
下情,2
下神,2
下压力,2
吓唬,2
夏枯草,2
先驱,2
先生,2
先天性免疫,2
闲暇,2
显影,2
现今,2
现局,2
现形,2
相成,2
香菇,2
享用,2
想象,2
削减,2
消沉,2
小肚子,2
小结,2
小我,2
些小,2
些许,2
协调,2
泻药,2
心传,2
心腹,2
心肝,2
心机,2
心力,2
心力衰竭,2
心神,2
心头,2
欣然,2
新闻,2
信任,2
信用,2
信誉,2
行进,2
幸好,2
幸亏,2
兄弟,2
胸腔,2
休学,2
许可,2
酗酒,2
宣传,2
学名,2
血沉,2
血迹,2
血亏,2
血吸虫,2
血肿,2
寻找,2
训练,2
压迫,2
烟草,2
烟瘾,2
严禁,2
炎热,2
研究,2
眼红,2
眼泡,2
眼珠,2
羊水,2
阳极,2
养生,2
痒痒,2
药理,2
药片,2
药水,2
药丸,2
野鸭,2
业务,2
一半,2
一概,2
一会儿,2
一经,2
一口,2
一块儿,2
一律,2
一手,2
医术,2
依旧,2
姨妈,2
移民,2
乙醇,2
乙脑,2
乙醛,2
异物,2
译文,2
疫情,2
薏米,2
音乐,2
引进,2
隐约,2
应答,2
应考,2
应时,2
营生,2
影片,2
永久,2
优秀,2
犹豫,2
油条,2
游戏,2
游泳,2
有效期,2
有意识,2
诱导,2
诱惑,2
鱼具,2
芋头,2
郁积,2
郁结,2
预备,2
预备役,2
预订,2
员工,2
源头,2
月初,2
岳父,2
越发,2
运转,2
早晚,2
灶神,2
噪音,2
怎的,2
榨菜,2
张大,2
照片,2
照射,2
照相,2
照样,2
针灸疗法,2
真菌,2
真实,2
争取,2
整套,2
正比,2
正好,2
症候,2
指教,2
指令,2
志愿,2
制作,2
中常,2
中等,2
中期,2
中学,2
中旬,2
终结,2
终究,2
众多,2
皱纹,2
骤然,2
潴留,2
伫立,2
贮备,2
专人,2
专用,2
椎间盘,2
酌情,2
资产,2
滋补,2
子口,2
子叶,2
子夜,2
自杀,2
自用,2
自由,2
总体,2
粽子,2
足三里穴,2
祖父,2
祖国,2
作弊,2
座位,2
阿片,1
阿托品,1
哎呀,1
爱护,1
安定,1
安眠,1
安眠药,1
安危,1
案件,1
暗示,1
巴望,1
粑粑,1
把脉,1
把握,1
白费,1
白花,1
白米,1
白色,1
白血病,1
白昼,1
百日咳,1
百姓,1
摆动,1
办事,1
半大,1
半点,1
半衰期,1
半自动,1
伴侣,1
帮衬,1
膀胱,1
包产,1
包袱,1
包含,1
保母,1
保佑,1
保重,1
报到,1
报销,1
暴力,1
爆发,1
悲观,1
背弃,1
被动,1
被动免疫,1
本分,1
本钱,1
本意,1
本质,1
本子,1
逼近,1
鼻窦,1
鼻窦炎,1
鼻衄,1
鼻腔,1
鼻中隔,1
比照,1
笔记,1
必定,1
必需品,1
边卡,1
扁桃体炎,1
便捷,1
便人,1
变态,1
变态反应,1
变通,1
变质,1
辨别,1
标本,1
标高,1
标识,1
标题,1
表面化,1
表明,1
表皮,1
冰激凌,1
并进,1
并排,1
病假,1
病况,1
病痛,1
病原菌,1
剥落,1
饽饽,1
搏动,1
补贴,1
补血,1
补助,1
补足,1
不比,1
不得劲,1
不顾,1
不患,1
不堪,1
不快,1
不期,1
不许,1
不厌,1
不已,1
步骤,1
部曲,1
财产,1
菜豆,1
菜瓜,1
菜市,1
参合,1
残留,1
蚕豆,1
仓鼠,1
苍黄,1
草本,1
草菇,1
侧重,1
查考,1
查问,1
查询,1
茶会,1
茶具,1
茶色,1
茶油,1
察觉,1
铲除,1
阐释,1
菖蒲,1
长城,1
长年,1
长途,1
长相,1
长远,1
肠液,1
场合,1
畅通,1
超短波,1
超级,1
超声波,1
吵嘴,1
车前,1
车轴,1
车轴草,1
沉重,1
沉着,1
陈醋,1
陈旧,1
成份,1
成果,1
成就,1
成因,1
成员,1
承受,1
橙子,1
痴心,1
池塘,1
迟缓,1
迟疑,1
迟早,1
持身,1
充实,1
冲动,1
冲击,1
抽筋,1
抽水,1
臭豆腐,1
臭氧,1
出没,1
出门,1
厨房,1
处处,1
处治,1
传导,1
传世,1
传言,1
喘气,1
喘吁吁,1
窗口,1
垂手,1
春节,1
次第,1
次生,1
从前,1
葱白,1
粗略,1
粗心,1
脆弱,1
萃取,1
存款,1
错综,1
打败,1
打马虎眼,1
大白,1
大白菜,1
大大咧咧,1
大都,1
大肚子,1
大哥,1
大妈,1
大米,1
大娘,1
大事,1
大同,1
大头,1
大牙,1
大衣,1
呆滞,1
带头,1
待遇,1
丹皮,1
丹心,1
单薄,1
单传,1
单方,1
单糖,1
单元,1
胆气,1
当初,1
当儿,1
当归,1
当局,1
倒头,1
盗汗,1
道路,1
道谢,1
稻谷,1
得劲,1
得闲,1
得用,1
登高,1
等第,1
敌对,1
敌手,1
抵御,1
地步,1
地道,1
地点,1
地铁,1
地头,1
地域,1
地震,1
地址,1
弟媳妇,1
颠茄,1
癫狂,1
点心,1
电池,1
电疗,1
电能,1
电影,1
电阻,1
吊儿郎当,1
调料,1
调摄,1
丁宁,1
盯梢,1
顶峰,1
顶梁柱,1
订阅,1
定局,1
定论,1
定植,1
丢人,1
东北,1
懂事,1
动能,1
动心,1
豆饼,1
逗留,1
毒品,1
独生子,1
杜仲,1
端午,1
端正,1
短路,1
断定,1
断口,1
队伍,1
对称,1
对调,1
对话,1
对劲,1
对局,1
对口,1
对手,1
对头,1
顿时,1
多半,1
多头,1
多谢,1
多余,1
恶感,1
恶人,1
恩爱,1
恩赐,1
儿化,1
而今,1
耳穴,1
二天,1
发包,1
发表,1
发呆,1
发放,1
发慌,1
发昏,1
发明,1
发排,1
发情,1
发售,1
发问,1
法定,1
法规,1
法医,1
法院,1
法则,1
番薯,1
凡人,1
凡士林,1
凡事,1
烦劳,1
烦闷,1
繁多,1
反光,1
反正,1
反之,1
泛滥,1
饭菜,1
饭食,1
饭碗,1
方家,1
方位,1
防线,1
放假,1
放射性,1
废物,1
肺动脉,1
肺循环,1
费心,1
分化,1
分居,1
分明,1
分派,1
分支,1
分子,1
风池穴,1
风湿病,1
封闭,1
服气,1
浮动,1
俯卧撑,1
腐败,1
腐烂,1
付方,1
负责,1
附睾,1
附子,1
复比,1
复合,1
复原,1
富裕,1
概括,1
干脆,1
干饭,1
干与,1
甘蓝,1
甘露,1
甘甜,1
肝风,1
肝糖,1
赶不上,1
赶忙,1
感到,1
感激,1
感想,1
感应,1
钢铁,1
高程,1
高等,1
高根,1
高温,1
高校,1
告白,1
隔离,1
个中,1
根除,1
根茎,1
工夫,1
工具,1
工人,1
工友,1
公比,1
公布,1
公会,1
公家,1
公婆,1
公用,1
公园,1
供职,1
贡献,1
沟通,1
姑子,1
孤僻,1
骨骼,1
骨头,1
固醇类,1
固然,1
刮痧,1
呱呱,1
怪异,1
关注,1
观摩,1
观音,1
管教,1
灌肠,1
光度,1
光学,1
光照,1
广大,1
归纳,1
归属,1
龟裂,1
规劝,1
国耻,1
国有,1
果报,1
果腹,1
果然,1
过饱和,1
过从,1
过儿,1
过关,1
过户,1
过节,1
过失,1
过天,1
过眼,1
过于,1
海产,1
海马,1
海牛,1
海藻,1
害怕,1
害喜,1
寒颤,1
寒战,1
捍卫,1
好话,1
好奇,1
好日子,1
好手,1
好受,1
好意,1
号角,1
号脉,1
合并症,1
合谷穴,1
合拢,1
合同,1
何况,1
何以,1
和暖,1
和数,1
和谐,1
荷包,1
荷包蛋,1
荷尔蒙,1
红色,1
红小豆,1
虹膜,1
猴头,1
后跟,1
后年,1
后怕,1
后人,1
后手,1
后首,1
后退,1
后效,1
后行,1
候温,1
呼吁,1
忽视,1
忽悠,1
胡桃,1
胡子,1
虎口,1
花椒,1
花卷,1
花露,1
花头,1
划拨,1
怀恋,1
怀疑,1
坏东西,1
欢迎,1
缓气,1
换季,1
患处,1
患难,1
慌张,1
黄花,1
黄花菜,1
黄蜡,1
黄汤,1
黄体,1
黄油,1
灰心,1
灰质,1
回声,1
回帖,1
回忆,1
茴香,1
会见,1
会聚,1
会面,1
会心,1
会演,1
毁伤,1
荤腥,1
混合,1
混乱,1
混浊,1
豁达,1
活力,1
活期,1
活水,1
火车,1
火辣辣,1
火灾,1
或许,1
祸首,1
藿香正气丸,1
击败,1
机械,1
肌腱,1
肌体,1
肌纤维,1
鸡内金,1
积食,1
基础代谢,1
基地,1
基数,1
畸变,1
激酶,1
激怒,1
及第,1
极口,1
极其,1
急迫,1
急性胃肠炎,1
急于,1
急诊,1
集体,1
脊柱,1
计划生育,1
记事,1
记性,1
记者,1
妓女,1
剂型,1
继进,1
加深,1
夹层,1
家长,1
家法,1
家伙,1
家计,1
家教,1
家用,1
家种,1
甲壳,1
假期,1
坚决,1
坚实,1
坚硬,1
肩膀,1
兼备,1
煎药,1
检修,1
简便,1
简直,1
见报,1
见得,1
见好,1
见面,1
渐变,1
鉴别,1
鉴于,1
箭头,1
姜黄,1
将要,1
僵局,1
讲话,1
降表,1
降临,1
交工,1
交易,1
交织,1
焦躁,1
侥幸,1
脚跟,1
搅乱,1
叫唤,1
教导,1
教师,1
教室,1
教授,1
阶层,1
接地,1
节目,1
节省,1
结核杆菌,1
结晶,1
睫状体,1
截然,1
截肢,1
解痉药,1
解剖,1
解人,1
解手,1
界限,1
金银花,1
津液,1
仅只,1
紧密,1
近便,1
近日,1
近视,1
进出,1
进口,1
进来,1
经历,1
惊恐,1
惊人,1
惊讶,1
粳米,1
精度,1
精神衰弱,1
精制,1
颈项,1
警惕,1
镜子,1
纠纷,1
酒鬼,1
救急,1
就中,1
居多,1
拘禁,1
距离,1
聚积,1
聚集,1
决定性,1
决分,1
绝症,1
咖喱,1
卡路里,1
卡片,1
开除,1
开春,1
开发,1
开放,1
开交,1
开学,1
开展,1
看护,1
抗毒血清,1
靠得住,1
科教片,1
科普,1
可好,1
可靠,1
可人,1
可惜,1
克制,1
客观,1
课时,1
控告,1
口传,1
口红,1
口角炎,1
口述,1
枯竭,1
苦丁茶,1
块根,1
愧疚,1
困境,1
阔别,1
蜡疗,1
来劲,1
来日,1
来势,1
烂醉,1
郎当,1
劳动法,1
劳动者,1
牢固,1
老百姓,1
老伴,1
老虎,1
老亲,1
老少,1
老头子,1
老爷子,1
雷公,1
泪腺,1
类比,1
累及,1
冷冻,1
冷暖,1
厘米,1
里急后重,1
里拉,1
理会,1
理科,1
力行,1
历年,1
立克次体,1
立体,1
利弊,1
利器,1
例会,1
例如,1
例子,1
连用,1
脸盆,1
练达,1
良机,1
良药,1
凉粉,1
两样,1
量力,1
疗贫,1
疗养,1
撩乱,1
了结,1
了却,1
了事,1
咧咧,1
列举,1
劣势,1
临床医学,1
临界点,1
淋病,1
伶俐,1
灵敏,1
灵验,1
羚羊,1
领班,1
领教,1
领头,1
领域,1
浏览,1
流行病,1
流转,1
瘤子,1
六腑,1
六亲,1
龙胆,1
龙骨,1
龙虾,1
颅骨,1
鹿茸,1
路人,1
氯化钾,1
轮流,1
罗布麻,1
罗口,1
螺旋体,1
落后,1
落水,1
麻黄,1
麻利,1
马虎,1
马路,1
马桶,1
埋怨,1
脉搏,1
脉络,1
脉象,1
忙碌,1
芒果,1
眉毛,1
煤气,1
妹子,1
门径,1
门口,1
猛烈,1
弥补,1
米粒,1
嘧啶,1
蜜枣,1
娩出,1
面生,1
面相,1
苗头,1
名牌,1
名字,1
酩酊,1
命中,1
模式,1
模样,1
陌生,1
母系,1
牡蛎,1
木瓜,1
目睹,1
拿获,1
哪怕,1
内部,1
内出血,1
内服,1
内疚,1
内衣,1
内在,1
那儿,1
奶水,1
奶油,1
耐烦,1
男女,1
难看,1
难题,1
难于,1
脑力,1
脑力劳动,1
逆流,1
年限,1
黏液,1
念珠,1
凝滞,1
农忙,1
脓肿,1
怒气,1
女士,1
女婿,1
暖色,1
怕人,1
怕生,1
拍打,1
排列,1
排行,1
派遣,1
判定,1
旁人,1
泡饭,1
胚胎,1
配药,1
配制,1
烹饪,1
碰壁,1
皮包,1
皮包骨,1
皮肤病,1
偏爱,1
偏偏,1
偏转,1
骗子,1
飘舞,1
贫乏,1
贫苦,1
品行,1
乒乓球,1
平安,1
平产,1
平淡,1
平面,1
平坦,1
平行,1
平整,1
屏障,1
破烂,1
葡糖,1
蒲公英,1
普及,1
期考,1
奇异,1
脐带,1
起急,1
起身,1
起意,1
起源,1
气功,1
气候,1
气色,1
气温,1
迄今,1
汽车,1
汽化,1
汽水,1
器量,1
恰巧,1
千克,1
前辈,1
前进,1
前茅,1
前驱,1
前人,1
前台,1
前沿,1
钱币,1
钳制,1
潜藏,1
潜力,1
浅谈,1
强碱,1
强健,1
强人,1
亲热,1
亲眼,1
亲友,1
亲自,1
倾注,1
清澈,1
清单,1
清炖,1
清高,1
清闲,1
情感,1
情理,1
情侣,1
情人,1
情意,1
请教,1
请客,1
庆贺,1
求助,1
球菌,1
球体,1
曲霉,1
屈曲,1
躯干,1
躯体,1
趋向,1
取消,1
龋齿,1
全都,1
全能,1
全权,1
权利,1
泉水,1
拳头,1
扰动,1
热爱,1
热烈,1
热水袋,1
热心,1
热心肠,1
热饮,1
热症,1
人大,1
人格,1
人寰,1
人人,1
人手,1
人物,1
人性,1
认可,1
认识,1
任凭,1
日来,1
日益,1
绒毛,1
容积,1
溶化,1
柔和,1
肉眼,1
如常,1
如若,1
乳房,1
乳糖,1
褥疮,1
软骨,1
软弱,1
弱碱,1
撒手,1
噻唑,1
三代,1
三角,1
散心,1
丧气,1
色情,1
色泽,1
刹那,1
傻乐,1
山茱萸,1
闪光,1
伤风,1
伤耗,1
商人,1
商务,1
商酌,1
上报,1
上臂,1
上帝,1
上第,1
上好,1
上进,1
上课,1
上流,1
上年,1
上身,1
上水,1
上行,1
上衣,1
烧灼,1
舌炎,1
舍得,1
设计,1
社会关系,1
社会活动,1
伸展,1
身长,1
身分,1
深浅,1
神经症,1
神情,1
神游,1
肾结核,1
渗入,1
生菜,1
生产方式,1
生长期,1
生分,1
生来,1
生怕,1
生平,1
生前,1
生人,1
生态,1
生物碱,1
生效,1
声带,1
声响,1
胜任,1
省城,1
省心,1
失信,1
失意,1
施主,1
湿润,1
湿疹,1
石蜡,1
时调,1
时分,1
时令,1
时人,1
时尚,1
时时,1
时效,1
时行,1
时装,1
识货,1
实地,1
实干,1
实话,1
实情,1
实物,1
实则,1
实证,1
食积,1
使唤,1
市里,1
示范,1
事故,1
事体,1
事先,1
势必,1
视觉,1
视神经,1
试纸,1
释放,1
收方,1
收容,1
收效,1
手背,1
手腕,1
手心,1
手指头,1
首都,1
受惊,1
受精,1
书籍,1
叔父,1
疏散,1
疏通,1
数额,1
数目,1
双球菌,1
双氧水,1
双重,1
水饺,1
水牛,1
水情,1
水土,1
水位,1
水源,1
睡梦,1
顺势,1
说情,1
硕士,1
丝瓜,1
司机,1
思路,1
肆虐,1
苏醒,1
俗话,1
素菜,1
速效,1
酸梅,1
酸梅汤,1
酸牛奶,1
随带,1
损耗,1
缩写,1
所在,1
所属,1
锁骨,1
踏步,1
胎动,1
胎位,1
坍塌,1
探访,1
探亲,1
糖原,1
逃避,1
逃生,1
套套,1
特性,1
特制,1
提纯,1
提防,1
提前,1
提神,1
提问,1
提醒,1
体面,1
体魄,1
体态,1
体系,1
体循环,1
剃刀,1
天干,1
天门冬,1
天明,1
天然药物,1
天使,1
天数,1
天足,1
挑选,1
铁路,1
铁皮,1
听神经,1
停放,1
通病,1
通事,1
通通,1
通宣理肺丸,1
同年,1
童年,1
统计,1
头颈,1
头口,1
头脑,1
头像,1
头子,1
投入,1
突破,1
涂抹,1
土蜂,1
土壤,1
吐血,1
退烧,1
退休,1
托运,1
脱落,1
唾沫,1
唾液腺,1
外边,1
外带,1
外分泌,1
外观,1
外肾,1
外孙女,1
弯曲,1
完美,1
完善,1
完小,1
完整,1
晚辈,1
晚点,1
惋惜,1
网络,1
往后,1
往年,1
妄想,1
忘我,1
危机,1
危及,1
危重,1
微微,1
微型,1
为生,1
违法,1
惟一,1
未来,1
未然,1
未曾,1
味觉,1
温暖,1
文火,1
文明,1
纹理,1
蚊子,1
稳当,1
问世,1
窝头,1
乌贼,1
污染源,1
无故,1
无穷,1
无味,1
无谓,1
无需,1
无恙,1
无缘,1
五倍子,1
五香,1
五项原则,1
五脏,1
午后,1
武火,1
舞蹈,1
物价,1
误会,1
误事,1
西餐,1
吸引,1
稀薄,1
稀疏,1
嬉戏,1
细粮,1
细小,1
下边,1
下不来,1
下地,1
下颌,1
下脚,1
下流,1
下同,1
下行,1
下旬,1
下作,1
先后,1
先例,1
先前,1
显得,1
显然,1
显现,1
险情,1
险要,1
县城,1
现行,1
陷阱,1
陷入,1
乡镇,1
相安,1
相传,1
相等,1
相间,1
相距,1
相识,1
香蕉苹果,1
香砂养胃丸,1
香油,1
详情,1
向来,1
橡胶,1
消毒,1
消化酶,1
消逝,1
小姑子,1
小建,1
小姐,1
小量,1
小年,1
小气,1
小生,1
小叔子,1
小数,1
小说,1
小苏打,1
小型,1
晓得,1
效尤,1
些微,1
邪气,1
斜眼,1
谢病,1
心爱,1
心肠,1
心悸,1
心理学,1
心气,1
心事,1
心虚,1
新年,1
薪水,1
兴衰,1
猩猩,1
行房,1
行经,1
行营,1
形体,1
形象,1
杏仁,1
杏子,1
性急,1
性灵,1
性命,1
性气,1
性器官,1
性情,1
性腺,1
性欲,1
性状,1
凶猛,1
胸廓,1
休闲,1
羞耻,1
须发,1
须根,1
嗅觉,1
悬殊,1
悬雍垂,1
选材,1
选手,1
学好,1
学界,1
学科,1
学期,1
血库,1
血清病,1
血循环,1
牙医,1
芽孢,1
烟花,1
延长,1
延性,1
颜面,1
衍生物,1
眼白,1
眼光,1
眼睑,1
眼角,1
眼镜,1
眼眶,1
眼目,1
眼压,1
演示,1
阳光,1
阳台,1
养老,1
养老院,1
氧化物,1
要功,1
药房,1
药罐子,1
要得,1
要点,1
要端,1
要饭,1
要领,1
要命,1
要子,1
液化,1
一边,1
一动,1
一无,1
一线,1
一行,1
一氧化碳,1
一氧化碳中毒,1
一再,1
一早,1
衣物,1
依次,1
仪表,1
姨儿,1
胰蛋白酶,1
胰液,1
遗精,1
遗失,1
遗愿,1
遗嘱,1
疑惑,1
乙二醇,1
义务,1
易感者,1
意向,1
毅然,1
薏苡,1
因明,1
阴茎,1
阴囊,1
音信,1
饮片,1
隐患,1
隐瞒,1
隐匿,1
隐性感染,1
印堂,1
印象,1
应和,1
应急,1
影象,1
硬邦邦,1
硬朗,1
拥挤,1
臃肿,1
永远,1
勇敢,1
用处,1
用武,1
优惠,1
油饼,1
油菜,1
莜麦,1
鱿鱼,1
友好,1
友谊,1
有成,1
有机体,1
有劳,1
有力,1
有名,1
有趣,1
有数,1
有形,1
有余,1
黝黑,1
右手,1
幼稚,1
淤血,1
吁吁,1
育龄,1
浴池,1
预防注射,1
预想,1
原虫,1
原料,1
原主,1
远亲,1
月底,1
月工,1
殒命,1
孕吐,1
运动场,1
运动会,1
运行,1
杂志,1
载重,1
再生,1
在案,1
在即,1
在教,1
在先,1
在行,1
在职,1
在座,1
糟粕,1
糟心,1
早春,1
造反,1
躁动,1
责骂,1
怎么着,1
沾染,1
占有,1
掌握,1
掌心,1
招待,1
招聘,1
照常,1
折磨,1
这儿,1
这么些,1
这么样,1
针眼,1
珍惜,1
珍珠,1
真诚,1
阵地,1
振作,1
镇静药,1
征求,1
征引,1
蒸汽浴,1
整容,1
整形,1
正大,1
正电,1
正轨,1
正取,1
正式,1
正宗,1
枝子,1
知名,1
知识,1
知悉,1
直播,1
直达,1
直线,1
职员,1
指挥,1
指头,1
指责,1
指针,1
制约,1
质对,1
致病菌,1
致命,1
中表,1
中餐,1
中层,1
中焦,1
中脑,1
中频,1
中暑,1
中脘穴,1
中性,1
中转,1
终于,1
肿胀,1
种地,1
重量,1
重水,1
重用,1
重镇,1
周到,1
周全,1
茱萸,1
蛛网,1
逐日,1
主动脉,1
主力,1
主力军,1
主任,1
注定,1
注解,1
贮藏,1
专长,1
专程,1
专利,1
转动,1
转换,1
转学,1
壮年,1
壮实,1
追究,1
椎骨,1
坠地,1
桌子,1
着手,1
子代,1
子实,1
自感,1
自给,1
自古,1
自尽,1
自理,1
自然力,1
自信,1
自在,1
自治,1
自治区,1
总和,1
总结,1
总数,1
纵容,1
组胺,1
祖传,1
嘴紧,1
罪恶,1
罪魁,1
遵守,1
遵循,1
左边,1
作保,1
作成,1
作家,1
坐具,1
坐失,1
做客,1
做主,1
